name,address,type
GameErrorContext::ResetContext,0x0042D230,function
GameErrorContext::Flush,0x0042D240,function
GameErrorContext::Log,0x0042C5C0,function
GameErrorContext::Fatal,0x0042C660,function
FileSystem::WriteDataToFile,0x0042C4E0,function
FileSystem::ResolvePath,0x0042ADC0,function
FileSystem::CheckIfFileAlreadyExists,0x0042C480,function
Supervisor::EnterCriticalSectionWrapper,0x0042B130,function
Supervisor::LeaveCriticalSectionWrapper,0x0042B160,function
Chain::AddToCalcChain,0x0042B1E0,function
Chain::AddToDrawChain,0x0042B270,function
